{"cameraMode":{"drawMode":0,"name":"Shaded","section":"Shading Mode"},"sceneLighting":true,"audioPlay":false,"sceneViewState":{"showFog":true,"showMaterialUpdate":false,"showSkybox":true,"showFlares":true,"showImageEffects":true,"showParticleSystems":true},"in2DMode":false,"pivot":{"x":-3.8793327808380129,"y":12.161897659301758,"z":-23.655315399169923},"rotation":{"x":0.029241235926747323,"y":-0.8864628672599793,"z":0.45848187804222109,"w":0.056703709065914157},"size":3.628667116165161,"orthographic":false}